Solution Type,States Searched,Unique States Searched,Backtracks,Dominance Moves,States Removed From Cache,Final States In Cache,Final Buckets In Cache,Maximum Search Depth,Final Search Depth,Time Taken (milliseconds),ID
solved,470,144,386,31,0,113,193,84,84,0,game1
solved,552546,172434,552444,36023,0,136411,196613,102,102,633,game10
solved,471,349,383,29,0,320,389,88,88,0,game100
unsolvable,22,15,21,1,0,14,53,5,0,0,game1000
solved,172,107,86,36,0,71,97,86,86,0,game101
solved,817,437,701,44,0,393,769,116,116,1,game102
solved,9160,1593,9056,299,0,1294,1543,104,104,11,game103
solved,934871,401798,934779,153313,0,248485,393241,92,92,1304,game104
unsolvable,3506492,1306649,3506491,329468,0,977181,1572869,30,0,5186,game105
unsolvable,64843,27111,64842,2328,0,24783,49157,25,0,107,game106
solved,11400,4547,11306,1525,0,3022,3079,94,94,14,game107
solved,113223,38930,113140,7225,0,31705,49157,83,83,158,game108
solved,1001292,413037,1001194,97261,0,315776,393241,98,98,1503,game109
unsolvable,89846,34587,89845,1922,0,32665,49157,28,0,139,game11
solved,98945,40774,98862,10064,0,30710,49157,83,83,135,game110
solved,711924,273157,711828,58659,0,214498,393241,96,96,988,game111
unsolvable,2,2,1,0,0,2,53,1,0,0,game112
unsolvable,30,26,29,1,0,25,53,6,0,0,game113
unsolvable,34706195,10934215,34706194,5418061,0,5516154,6291469,85,0,41753,game114
solved,171,106,75,39,0,67,97,96,96,0,game115
unsolvable,208720,70829,208719,15352,0,55477,98317,20,0,289,game116
solved,9683,4467,9601,607,0,3860,6151,82,82,14,game117
unsolvable,2,2,1,1,0,1,53,1,0,0,game118
solved,9421,3727,9314,1346,0,2381,3079,107,107,12,game119
solved,371,155,289,40,0,115,193,82,82,0,game12
unsolvable,1,1,0,0,0,1,53,0,0,0,game120
solved,2626,917,2532,384,0,533,769,94,94,2,game121
unsolvable,2,2,1,0,0,2,53,1,0,0,game122
unsolvable,1012,670,1011,46,0,624,769,20,0,2,game123
solved,34500,15315,34403,5276,0,10039,12289,97,97,45,game124
unsolvable,35,27,34,0,0,27,53,4,0,0,game125
solved,4574,1944,4465,464,0,1480,1543,109,109,7,game126
solved,1446,550,1349,74,0,476,769,97,97,2,game127
solved,128,89,39,40,0,49,53,89,89,0,game128
unsolvable,3937308,1632176,3937307,604818,0,1027358,1572869,37,0,5452,game129
solved,1886,867,1793,48,0,819,1543,93,93,3,game13
solved,10762477,3457327,10762386,1314972,0,2142355,3145739,126,91,15073,game130
unsolvable,379140,161328,379139,67204,0,94124,98317,50,0,525,game131
unsolvable,605790,217110,605789,53006,0,164104,196613,21,0,1322,game132
solved,171,95,87,38,0,57,97,84,84,0,game133
solved,183,120,92,36,0,84,97,91,91,0,game134
solved,466,268,381,72,0,196,389,85,85,1,game135
unsolvable,22129,11489,22128,3504,0,7985,12289,37,0,40,game136
unsolvable,295171,124978,295170,18888,0,106090,196613,24,0,689,game137
solved,1385,451,1287,26,0,425,769,98,98,2,game138
unsolvable,269,166,268,14,0,152,193,9,0,1,game139
solved,152,109,64,47,0,62,97,88,88,0,game14
unsolvable,407252,142410,407251,16573,0,125837,196613,21,0,731,game140
solved,168,109,71,36,0,73,97,97,97,0,game141
solved,735750,254229,735654,73379,0,180850,196613,96,96,983,game142
unsolvable,4367,2165,4366,1,0,2164,3079,12,0,9,game143
unsolvable,10157544,3382753,10157543,1307958,0,2074795,3145739,52,0,15239,game144
solved,60184,15798,60093,5885,0,9913,12289,91,91,90,game145
unsolvable,136795,58618,136794,19400,0,39218,49157,26,0,273,game146
unsolvable,8501,3992,8500,634,0,3358,6151,19,0,25,game147
unsolvable,1,1,0,0,0,1,53,0,0,0,game148
solved,139,86,56,28,0,58,97,83,83,0,game149
solved,1105,565,1015,30,0,535,769,90,90,3,game15
timed-out,33763198,7824897,33763154,1533428,0,6291469,12582917,82,44,62437,game150
solved,211,149,120,42,0,107,193,91,91,0,game151
unsolvable,28945587,7412877,28945586,682773,0,6730104,12582917,60,0,51681,game152
unsolvable,161,100,160,17,0,83,97,7,0,0,game153
solved,3357,1834,3272,24,0,1810,3079,85,85,8,game154
solved,2402053,655483,2401968,183236,0,472247,786433,85,85,3067,game155
solved,98,86,12,34,0,52,53,86,86,0,game156
unsolvable,28,22,27,0,0,22,53,4,0,0,game157
solved,121,92,29,34,0,58,97,92,92,0,game158
solved,149,93,57,33,0,60,97,92,92,0,game159
solved,214,103,111,30,0,73,97,103,103,0,game16
unsolvable,1577190,466784,1577189,125134,0,341650,393241,28,0,3481,game160
solved,1609,749,1509,38,0,711,769,100,100,2,game161
unsolvable,13,9,12,0,0,9,53,2,0,0,game162
unsolvable,702,466,701,104,0,362,389,8,0,1,game163
unsolvable,5,5,4,0,0,5,53,2,0,0,game164
unsolvable,24,20,23,0,0,20,53,4,0,0,game165
solved,1350478,500457,1350389,96162,0,404295,786433,89,89,2132,game166
solved,128238,56314,128152,26215,0,30099,49157,86,86,165,game167
solved,451725,169525,451635,69797,0,99728,196613,90,90,610,game168
solved,232977,81243,232884,33656,0,47587,49157,93,93,288,game169
unsolvable,1,1,0,0,0,1,53,0,0,0,game17
unsolvable,21923,9735,21922,3743,0,5992,6151,19,0,37,game170
unsolvable,50,40,49,1,0,39,53,6,0,0,game171
solved,1598,433,1509,166,0,267,389,89,89,3,game172
unsolvable,13071997,4590486,13071996,1458159,0,3132327,3145739,39,0,19988,game173
solved,5303,1500,5211,286,0,1214,1543,92,92,7,game174
solved,4973,2730,4885,201,0,2529,3079,88,88,9,game175
unsolvable,4075,2176,4074,589,0,1587,3079,19,0,6,game176
solved,7047,2799,6960,514,0,2285,3079,87,87,9,game177
unsolvable,46,43,45,0,0,43,53,6,0,0,game178
solved,6522458,1947136,6522365,435438,0,1511698,1572869,93,93,10099,game179
unsolvable,4425019,1773472,4425018,795484,0,977988,1572869,26,0,5603,game18
solved,2569329,921343,2569238,528230,0,393113,393241,142,91,2537,game180
solved,127,86,47,30,0,56,97,80,80,0,game181
solved,97,86,16,35,0,51,53,81,81,0,game182
solved,345530,97270,345450,16216,0,81054,98317,80,80,476,game183
solved,157,127,67,31,0,96,97,90,90,0,game184
unsolvable,1378176,490756,1378175,147189,0,343567,393241,35,0,1901,game185
solved,533,228,452,43,0,185,193,81,81,0,game186
solved,15583,2673,15492,39,0,2634,3079,91,91,19,game187
solved,473257,157582,473163,39971,0,117611,196613,94,94,685,game188
unsolvable,38515,14151,38514,898,0,13253,24593,19,0,65,game189
solved,144,102,56,33,0,69,97,88,88,0,game19
unsolvable,2578440,1068420,2578439,265988,0,802432,1572869,40,0,5663,game190
unsolvable,39577,16363,39576,711,0,15652,24593,16,0,59,game191
solved,12045,4334,11956,1015,0,3319,6151,89,89,16,game192
solved,17181,5418,17088,404,0,5014,6151,93,93,24,game193
unsolvable,406,312,405,2,0,310,389,18,0,1,game194
solved,1118,372,1019,82,0,290,389,99,99,1,game195
solved,110,89,21,28,0,61,97,89,89,0,game196
timed-out,38286861,8181475,38286828,785017,0,7396458,12582917,54,33,60132,game197
unsolvable,11635058,4648528,11635057,1425233,0,3223295,6291469,41,0,19383,game198
solved,1932,1031,1842,190,0,841,1543,90,90,3,game199
unsolvable,4286183,1576811,4286182,319150,0,1257661,1572869,56,0,6693,game2
unsolvable,1,1,0,0,0,1,53,0,0,0,game20
solved,124252,42821,124161,16919,0,25902,49157,91,91,135,game200
unsolvable,2,2,1,0,0,2,53,1,0,0,game201
solved,1289,418,1182,29,0,389,389,107,107,2,game202
unsolvable,1268,705,1267,48,0,657,769,16,0,2,game203
unsolvable,2464,1549,2463,163,0,1386,1543,17,0,3,game204
solved,2721,1646,2627,227,0,1419,1543,94,94,4,game205
solved,5398,1652,5317,230,0,1422,1543,81,81,12,game206
solved,158174,63785,158084,6193,0,57592,98317,90,90,227,game207
unsolvable,10311253,3701873,10311252,792638,0,2909235,3145739,40,0,15298,game208
unsolvable,3,3,2,0,0,3,53,2,0,0,game209
unsolvable,3426,1758,3425,128,0,1630,3079,11,0,6,game21
solved,174,102,80,29,0,73,97,94,94,0,game210
timed-out,38766447,10054445,38766417,2585696,0,7468749,12582917,49,30,60000,game211
solved,7304168,2224755,7304064,883572,0,1341183,1572869,104,104,9598,game212
solved,3723809,1148498,3723708,343007,0,805491,1572869,101,101,5380,game213
unsolvable,5,4,4,0,0,4,53,2,0,0,game214
unsolvable,2378,1190,2377,46,0,1144,1543,10,0,4,game215
solved,12909,6679,12834,1287,0,5392,6151,75,75,20,game216
solved,528230,173769,528142,46189,0,127580,196613,88,88,741,game217
unsolvable,323424,96311,323423,11464,0,84847,98317,42,0,452,game218
timed-out,37213364,7075433,37213306,5561,0,7069872,12582917,83,58,60461,game219
solved,2878,1162,2745,28,0,1134,1543,133,133,6,game22
unsolvable,2,2,1,0,0,2,53,1,0,0,game220
unsolvable,784100,317521,784099,113621,0,203900,393241,33,0,1273,game221
unsolvable,1197,713,1196,1,0,712,769,11,0,2,game222
unsolvable,487,294,486,98,0,196,389,8,0,0,game223
solved,2891,1250,2805,95,0,1155,1543,86,86,5,game224
solved,1080420,265546,1080325,45622,0,219924,393241,95,95,1463,game225
timed-out,45356933,11880886,45356893,4863825,0,7017061,12582917,78,40,60000,game226
solved,305536,99001,305436,14707,0,84294,98317,100,100,457,game227
unsolvable,705377,223249,705376,22514,0,200735,393241,33,0,1154,game228
solved,567,236,469,89,0,147,193,98,98,0,game229
unsolvable,586215,233551,586214,47536,0,186015,196613,39,0,848,game23
solved,9883,4069,9784,268,0,3801,6151,99,99,18,game230
unsolvable,63,51,62,0,0,51,53,6,0,0,game231
unsolvable,18095314,5614855,18095313,1120160,0,4494695,6291469,122,0,29922,game232
solved,32300,12897,32195,777,0,12120,12289,105,105,45,game233
unsolvable,14583,7009,14582,0,0,7009,12289,13,0,23,game234
solved,10333,5059,10249,165,0,4894,6151,84,84,16,game235
solved,43818,17674,43739,11623,0,6051,6151,79,79,37,game236
unsolvable,13117,6707,13116,1064,0,5643,6151,20,0,25,game237
solved,137149,37947,137052,56,0,37891,49157,97,97,193,game238
solved,927,581,840,53,0,528,769,87,87,1,game239
unsolvable,254957,90838,254956,17477,0,73361,98317,30,0,364,game24
solved,21914860,6415858,21914766,777034,0,5638824,6291469,94,94,38374,game240
unsolvable,14361,5115,14360,855,0,4260,6151,12,0,20,game241
solved,976,507,895,80,0,427,769,81,81,1,game242
unsolvable,267047,129926,267046,37585,0,92341,98317,24,0,382,game243
solved,844,386,746,33,0,353,389,98,98,1,game244
solved,121,90,41,28,0,62,97,80,80,0,game245
solved,602,292,513,60,0,232,389,89,89,1,game246
unsolvable,753161,319495,753160,45260,0,274235,393241,29,0,1038,game247
solved,596695,209841,596603,54667,0,155174,196613,92,92,688,game248
unsolvable,9,9,8,0,0,9,53,2,0,0,game249
unsolvable,2508103,879270,2508102,221145,0,658125,786433,36,0,3219,game25
unsolvable,32381,15108,32380,3412,0,11696,12289,23,0,48,game250
solved,160140,52907,160051,9173,0,43734,49157,91,89,200,game251
solved,367,175,279,47,0,128,193,88,88,0,game252
solved,2088,1156,2001,154,0,1002,1543,87,87,4,game253
unsolvable,11,11,10,2,0,9,53,4,0,0,game254
unsolvable,2964369,1415956,2964368,563298,0,852658,1572869,43,0,5293,game255
solved,63580,26755,63492,10889,0,15866,24593,88,88,88,game256
solved,2636553,516217,2636474,5662,0,510555,786433,79,79,3525,game257
unsolvable,1707,875,1706,260,0,615,769,19,0,2,game258
solved,2304,1422,2216,320,0,1102,1543,88,88,3,game259
solved,292,114,178,29,0,85,97,114,114,0,game26
solved,371,197,276,41,0,156,193,95,95,0,game260
unsolvable,1,1,0,0,0,1,53,0,0,0,game261
unsolvable,14969032,4428714,14969031,1406932,0,3021782,3145739,45,0,19114,game262
unsolvable,5181678,1979864,5181677,235988,0,1743876,3145739,33,0,9704,game263
unsolvable,146217,53618,146216,10248,0,43370,49157,63,0,175,game264
solved,14451,3440,14366,722,0,2718,3079,85,85,17,game265
unsolvable,70617,29717,70616,11255,0,18462,24593,51,0,69,game266
solved,854955,280737,854866,46999,0,233738,393241,89,89,1121,game267
solved,1206040,365719,1205924,25668,0,340051,393241,116,116,1591,game268
unsolvable,3075667,1150688,3075666,395356,0,755332,786433,59,0,3768,game269
solved,211014,43503,210929,6976,0,36527,49157,85,85,228,game27
unsolvable,24497656,7623673,24497655,1829666,0,5794007,6291469,35,0,36968,game270
solved,170,149,70,45,0,104,193,100,100,0,game271
solved,149,118,69,34,0,84,97,80,80,0,game272
timed-out,49468411,15817319,49468366,8576761,0,7240558,12582917,64,45,60000,game273
solved,8382,3924,8292,79,0,3845,6151,90,90,15,game274
solved,1657,713,1579,183,0,530,769,78,78,2,game275
solved,1244925,349848,1244840,54352,0,295496,393241,85,85,1542,game276
unsolvable,1859196,740034,1859195,168976,0,571058,786433,73,0,2649,game277
unsolvable,1110061,340291,1110060,18770,0,321521,393241,21,0,1477,game278
unsolvable,26661308,10086485,26661307,4070944,0,6015541,6291469,45,0,37358,game279
solved,842,471,760,75,0,396,769,82,82,1,game28
solved,122,85,37,34,0,51,53,85,85,0,game280
solved,9484,4433,9407,1888,0,2545,3079,77,77,10,game281
unsolvable,1,1,0,0,0,1,53,0,0,0,game282
unsolvable,14632,7819,14631,2568,0,5251,6151,19,0,19,game283
solved,8556,2255,8463,144,0,2111,3079,93,93,11,game284
unsolvable,4514,2348,4513,719,0,1629,3079,12,0,6,game285
unsolvable,1549,739,1548,50,0,689,769,12,0,2,game286
unsolvable,202,138,201,16,0,122,193,9,0,0,game287
solved,2823930,1085499,2823841,565644,0,519855,786433,89,89,3000,game288
unsolvable,244989,89077,244988,23940,0,65137,98317,17,0,331,game289
solved,521,328,426,75,0,253,389,95,95,0,game29
solved,1763199,581619,1763104,383869,0,197750,393241,141,95,1724,game290
unsolvable,1657,888,1656,325,0,563,769,9,0,2,game291
unsolvable,802079,348996,802078,112772,0,236224,393241,42,0,1204,game292
solved,165088,62984,164995,37859,0,25125,49157,93,93,160,game293
solved,32260,16713,32174,4490,0,12223,12289,86,86,47,game294
solved,1634,1091,1549,137,0,954,1543,85,85,3,game295
solved,530084,149600,529986,38258,0,111342,196613,98,98,676,game296
solved,196,106,97,27,0,79,97,99,99,0,game297
solved,3576,1285,3491,35,0,1250,1543,85,85,5,game298
unsolvable,246,175,245,13,0,162,193,22,0,0,game299
unsolvable,7896240,2629407,7896239,574240,0,2055167,3145739,56,0,11821,game3
solved,16551116,4720605,16551024,643995,0,4076610,6291469,92,92,27420,game30
solved,267,148,175,45,0,103,193,92,92,0,game300
solved,929,482,840,37,0,445,769,89,89,1,game301
solved,2089,771,1997,339,0,432,769,92,92,2,game302
solved,391,288,298,79,0,209,389,93,93,0,game303
solved,619952,274079,619854,89185,0,184894,196613,98,98,819,game304
solved,210,137,111,28,0,109,193,99,99,0,game305
unsolvable,10120,3990,10119,273,0,3717,6151,19,0,14,game306
solved,115,86,29,32,0,54,97,86,86,0,game307
solved,111340,47150,111249,7612,0,39538,49157,91,91,143,game308
solved,1249,368,1160,125,0,243,389,89,89,1,game309
timed-out,41960714,10635652,41960674,2625383,0,8010269,12582917,83,40,60579,game31
unsolvable,2,2,1,0,0,2,53,1,0,0,game310
solved,444817,150554,444732,34180,0,116374,196613,85,85,554,game311
solved,244,115,159,28,0,87,97,85,85,0,game312
unsolvable,2581648,926384,2581647,164555,0,761829,786433,45,0,3521,game313
solved,497,288,384,28,0,260,389,113,113,1,game314
unsolvable,19387890,7021500,19387889,3280394,0,3741106,6291469,69,0,25791,game315
solved,957302,384687,957205,189208,0,195479,196613,97,97,1108,game316
solved,1461,833,1372,144,0,689,769,89,89,2,game317
unsolvable,1202329,444021,1202328,23606,0,420415,786433,28,0,2175,game318
unsolvable,22894639,7554280,22894638,1742312,0,5811968,6291469,43,0,35083,game319
solved,157,106,63,32,0,74,97,94,94,0,game32
timed-out,39348862,9287574,39348822,2587922,0,6699652,12582917,49,40,60000,game320
unsolvable,8,7,7,2,0,5,53,3,0,0,game321
solved,573,310,485,32,0,278,389,88,88,1,game322
solved,35422151,11066199,35422054,4572189,0,6494010,12582917,97,97,48567,game323
solved,40695,15129,40613,49,0,15080,24593,82,82,69,game324
solved,1312,734,1193,25,0,709,769,119,119,2,game325
unsolvable,2,2,1,0,0,2,53,1,0,0,game326
unsolvable,4101,2073,4100,388,0,1685,3079,14,0,6,game327
unsolvable,46,28,45,0,0,28,53,6,0,0,game328
solved,565,312,473,80,0,232,389,92,92,0,game329
unsolvable,410,246,409,8,0,238,389,14,0,0,game33
solved,488,285,402,116,0,169,193,86,86,0,game330
solved,7238,2869,7119,1080,0,1789,3079,119,119,8,game331
solved,3870,2522,3770,219,0,2303,3079,100,100,7,game332
solved,15662,6858,15568,40,0,6818,12289,94,94,27,game333
unsolvable,1,1,0,0,0,1,53,0,0,0,game334
solved,1021,557,934,54,0,503,769,87,87,1,game335
unsolvable,525279,190409,525278,13351,0,177058,196613,36,0,719,game336
unsolvable,9,9,8,0,0,9,53,3,0,0,game337
solved,862,549,780,130,0,419,769,82,82,1,game338
unsolvable,6023,2710,6022,0,0,2710,3079,16,0,8,game339
unsolvable,1293,719,1292,0,0,719,769,9,0,2,game34
unsolvable,6,5,5,3,0,2,53,3,0,0,game340
solved,978,639,881,95,0,544,769,97,97,1,game341
unsolvable,193,123,192,18,0,105,193,11,0,0,game342
solved,1202,409,1113,37,0,372,389,89,89,1,game343
solved,228,142,135,42,0,100,193,93,93,0,game344
solved,166279,52178,166188,8588,0,43590,49157,91,91,195,game345
unsolvable,1567407,505731,1567406,10240,0,495491,786433,27,0,2337,game346
unsolvable,9,9,8,0,0,9,53,3,0,0,game347
unsolvable,4403607,1720943,4403606,908464,0,812479,1572869,42,0,5073,game348
solved,2383811,668988,2383720,284098,0,384890,393241,91,91,2686,game349
unsolvable,33390,15605,33389,842,0,14763,24593,16,0,58,game35
unsolvable,5,5,4,0,0,5,53,2,0,0,game350
unsolvable,44100,19016,44099,3907,0,15109,24593,16,0,76,game351
solved,144,94,53,24,0,70,97,91,91,0,game352
unsolvable,1167694,488436,1167693,90267,0,398169,786433,36,0,1909,game353
unsolvable,507999,146461,507998,33750,0,112711,196613,62,0,605,game354
solved,7181204,2641250,7181116,536087,0,2105163,3145739,88,88,13066,game355
unsolvable,6247,2960,6246,6,0,2954,3079,24,0,11,game356
solved,2805917,1094991,2805827,271499,0,823492,1572869,90,90,4028,game357
timed-out,38297999,11199169,38297953,2244419,0,8954750,12582917,94,46,60000,game358
solved,58695,14504,58584,1774,0,12730,24593,111,111,63,game359
solved,3643,1232,3516,45,0,1187,1543,127,127,4,game36
unsolvable,2810,1671,2809,95,0,1576,3079,15,0,5,game360
unsolvable,34661,13365,34660,443,0,12922,24593,20,0,55,game361
solved,538,243,433,35,0,208,389,105,105,0,game362
unsolvable,2,2,1,0,0,2,53,1,0,0,game363
unsolvable,116,60,115,0,0,60,97,5,0,0,game364
unsolvable,102,72,101,17,0,55,97,8,0,0,game365
timed-out,39794666,12148566,39794640,2862709,0,9285857,12582917,44,26,60000,game366
solved,224,105,138,29,0,76,97,86,86,0,game367
unsolvable,11826110,4055081,11826109,964327,0,3090754,3145739,46,0,17321,game368
unsolvable,12100100,5275297,12100099,2202872,0,3072425,3145739,53,0,17313,game369
unsolvable,30427422,10037741,30427421,2076568,0,7961173,12582917,33,0,51793,game37
unsolvable,46,28,45,0,0,28,53,4,0,0,game370
solved,1783,713,1677,122,0,591,769,106,106,3,game371
unsolvable,4548098,2008947,4548097,551695,0,1457252,1572869,47,0,7981,game372
solved,8041,3142,7950,385,0,2757,3079,91,91,11,game373
solved,576,396,482,35,0,361,389,94,94,1,game374
solved,251,177,152,33,0,144,193,99,99,0,game375
unsolvable,3,3,2,2,0,1,53,2,0,0,game376
solved,71033,21837,70937,4413,0,17424,24593,96,96,75,game377
timed-out,43640233,11253245,43640184,3233655,0,8019590,12582917,68,49,60000,game378
unsolvable,716,432,715,16,0,416,769,19,0,1,game379
unsolvable,6,5,5,2,0,3,53,3,0,0,game38
solved,8085,3450,8000,35,0,3415,6151,85,85,13,game380
solved,1400561,337576,1400468,64933,0,272643,393241,94,93,1769,game381
solved,598,366,504,76,0,290,389,94,94,1,game382
unsolvable,239,163,238,19,0,144,193,11,0,0,game383
solved,29928,14557,29840,1273,0,13284,24593,88,88,48,game384
solved,33461,10986,33378,909,0,10077,12289,83,83,46,game385
solved,782694,336329,782599,228486,0,107843,196613,96,95,676,game386
solved,1072,205,896,46,0,159,193,176,176,0,game387
solved,1516,531,1435,34,0,497,769,81,81,1,game388
solved,390,182,291,75,0,107,193,99,99,0,game389
solved,1892413,633162,1892327,144989,0,488173,786433,86,86,2243,game39
unsolvable,154141,67031,154140,3120,0,63911,98317,22,0,229,game390
solved,524,193,431,40,0,153,193,93,93,0,game391
solved,534,305,438,35,0,270,389,96,96,0,game392
unsolvable,214,149,213,33,0,116,193,6,0,0,game393
solved,14921,5133,14827,1785,0,3348,6151,94,94,14,game394
solved,1577150,403195,1577059,4171,0,399024,786433,91,91,2030,game395
solved,1830,1102,1736,107,0,995,1543,94,94,4,game396
solved,491,280,406,38,0,242,389,85,85,0,game397
unsolvable,1029495,285975,1029494,7512,0,278463,393241,24,0,1397,game398
unsolvable,2,2,1,1,0,1,53,1,0,0,game399
unsolvable,21,17,20,0,0,17,53,4,0,0,game4
solved,114,93,23,34,0,59,97,91,91,0,game40
unsolvable,28533749,12049533,28533748,7628428,0,4421105,6291469,114,0,30798,game400
solved,571,184,482,50,0,134,193,89,89,1,game401
unsolvable,14,14,13,0,0,14,53,4,0,0,game402
solved,84036,41776,83942,9546,0,32230,49157,94,94,122,game403
solved,428309,100000,428216,14199,0,85801,98317,93,93,1936,game404
unsolvable,1223,607,1222,16,0,591,769,17,0,2,game405
solved,106,89,17,37,0,52,53,89,89,0,game406
unsolvable,3337138,1040511,3337137,305577,0,734934,786433,64,0,4371,game407
unsolvable,155,87,154,0,0,87,97,5,0,0,game408
unsolvable,990,448,989,18,0,430,769,11,0,2,game409
unsolvable,1943,1056,1942,92,0,964,1543,14,0,3,game41
unsolvable,1958,1036,1957,312,0,724,769,10,0,4,game410
solved,118,102,30,38,0,64,97,88,88,0,game411
unsolvable,187,157,186,0,0,157,193,16,0,0,game412
solved,867,197,773,25,0,172,193,94,94,0,game413
unsolvable,1166034,431433,1166033,32406,0,399027,786433,31,0,1748,game414
unsolvable,49,34,48,0,0,34,53,5,0,0,game415
unsolvable,10057,5831,10056,0,0,5831,6151,11,0,22,game416
solved,1096,372,1004,42,0,330,389,92,92,1,game417
unsolvable,3,3,2,1,0,2,53,2,0,0,game418
solved,9206,3062,9115,58,0,3004,3079,91,91,12,game419
unsolvable,11213,5279,11212,316,0,4963,6151,13,0,17,game42
unsolvable,11234,5088,11233,1750,0,3338,6151,19,0,14,game420
solved,100139,28638,100053,3823,0,24815,49157,86,86,123,game421
solved,1172793,391149,1172685,10949,0,380200,393241,108,108,1563,game422
solved,32098,10158,32001,750,0,9408,12289,97,97,36,game423
unsolvable,3368940,1293075,3368939,376645,0,916430,1572869,59,0,5074,game424
solved,103,82,21,34,0,48,53,82,82,0,game425
solved,109746,43686,109652,46,0,43640,49157,94,94,185,game426
solved,1426,723,1335,33,0,690,769,91,91,2,game427
solved,191,98,107,33,0,65,97,84,84,0,game428
unsolvable,1,1,0,0,0,1,53,0,0,0,game429
solved,14376,6394,14268,25,0,6369,12289,108,108,23,game43
solved,10396,2989,10293,1190,0,1799,3079,103,103,11,game430
unsolvable,1773011,444890,1773010,173445,0,271445,393241,50,0,1660,game431
solved,318,225,230,73,0,152,193,88,88,1,game432
unsolvable,51,36,50,3,0,33,53,12,0,0,game433
solved,13821,6712,13731,1700,0,5012,6151,90,90,20,game434
solved,150913,29066,150816,79,0,28987,49157,97,97,198,game435
solved,868,396,764,29,0,367,389,104,104,1,game436
solved,365,232,273,32,0,200,389,92,92,1,game437
unsolvable,1973,927,1972,1,0,926,1543,10,0,3,game438
unsolvable,60369,24217,60368,7479,0,16738,24593,21,0,79,game439
solved,1060,646,970,49,0,597,769,90,90,2,game44
unsolvable,35834,20142,35833,4056,0,16086,24593,28,0,59,game440
unsolvable,3,3,2,1,0,2,53,2,0,0,game441
unsolvable,1796,973,1795,166,0,807,1543,17,0,2,game442
solved,989415,208260,989326,57986,0,150274,196613,89,89,942,game443
solved,79404,33752,79300,1143,0,32609,49157,104,104,113,game444
unsolvable,444,262,443,12,0,250,389,12,0,0,game445
timed-out,43637494,15169531,43637466,5522066,0,9647465,12582917,70,28,60000,game446
unsolvable,5691,2644,5690,461,0,2183,3079,13,0,10,game447
solved,190,116,87,31,0,85,97,103,103,0,game448
solved,538,323,453,40,0,283,389,85,85,1,game449
unsolvable,60,40,59,1,0,39,53,6,0,0,game45
unsolvable,28388,14100,28387,1367,0,12733,24593,25,0,47,game450
solved,221,160,136,24,0,136,193,85,85,0,game451
solved,10725,3736,10646,508,0,3228,6151,79,79,14,game452
solved,14856,5302,14769,95,0,5207,6151,87,87,21,game453
unsolvable,35181,16760,35180,6483,0,10277,12289,20,0,43,game454
unsolvable,4626050,1380494,4626049,219196,0,1161298,1572869,32,0,6132,game455
solved,1642,564,1560,53,0,511,769,82,82,2,game456
unsolvable,23,19,22,0,0,19,53,4,0,0,game457
solved,5347662,2062843,5347568,1009284,0,1053559,1572869,94,94,6181,game458
solved,1357,701,1265,50,0,651,769,92,92,2,game459
solved,56321,14448,56196,73,0,14375,24593,125,125,73,game46
unsolvable,23900093,6906467,23900092,274653,0,6631814,12582917,41,0,42218,game460
solved,1291703,451792,1291610,263512,0,188280,196613,93,93,1367,game461
unsolvable,20339,9835,20338,768,0,9067,12289,22,0,37,game462
solved,19263879,5613547,19263786,796934,0,4816613,6291469,93,93,29985,game463
unsolvable,3,3,2,0,0,3,53,1,0,0,game464
unsolvable,4,4,3,2,0,2,53,3,0,0,game465
solved,527,226,419,34,0,192,193,108,108,0,game466
solved,428,224,337,49,0,175,193,91,91,0,game467
solved,13588,2990,13499,29,0,2961,3079,89,89,16,game468
solved,179,138,83,31,0,107,193,96,96,0,game469
unsolvable,18691895,6151970,18691894,1501246,0,4650724,6291469,65,0,27997,game47
unsolvable,1011839,338559,1011838,67840,0,270719,393241,36,0,1435,game470
unsolvable,7878,3512,7877,1202,0,2310,3079,18,0,9,game471
solved,877,409,736,82,0,327,389,141,141,1,game472
unsolvable,2,2,1,0,0,2,53,1,0,0,game473
solved,1296,436,1179,78,0,358,389,117,117,1,game474
unsolvable,656,362,655,7,0,355,389,14,0,1,game475
solved,174,140,87,62,0,78,97,87,87,0,game476
solved,111,96,17,39,0,57,97,94,94,0,game477
solved,65998,19775,65913,2405,0,17370,24593,85,85,82,game478
unsolvable,9,7,8,3,0,4,53,5,0,0,game479
solved,191,93,99,29,0,64,97,92,92,0,game48
unsolvable,1868,1118,1867,117,0,1001,1543,30,0,2,game480
unsolvable,249974,90714,249973,2280,0,88434,98317,32,0,343,game481
solved,94838,34586,94748,5010,0,29576,49157,90,90,114,game482
unsolvable,21,15,20,0,0,15,53,4,0,0,game483
unsolvable,4,3,3,1,0,2,53,2,0,0,game484
unsolvable,579965,205052,579964,18288,0,186764,196613,30,0,730,game485
solved,119747,55725,119661,8097,0,47628,49157,86,86,164,game486
unsolvable,416574,173927,416573,46744,0,127183,196613,27,0,526,game487
solved,842,238,750,28,0,210,389,92,92,1,game488
unsolvable,85964,37908,85963,9017,0,28891,49157,20,0,111,game489
solved,2045700,468606,2045567,53224,0,415382,786433,133,133,2491,game49
unsolvable,517397,211035,517396,3858,0,207177,393241,41,0,920,game490
solved,157,93,65,24,0,69,97,92,92,0,game491
solved,351,238,249,41,0,197,389,102,102,0,game492
solved,741,421,650,89,0,332,389,91,91,1,game493
unsolvable,79374,36542,79373,11737,0,24805,49157,38,0,103,game494
solved,622294,198512,622194,45,0,198467,393241,100,100,901,game495
unsolvable,45835,14132,45834,620,0,13512,24593,13,0,66,game496
solved,3581,1963,3478,286,0,1677,3079,103,103,6,game497
unsolvable,6754629,2260762,6754628,758214,0,1502548,1572869,35,0,9978,game498
solved,10781,5211,10690,2074,0,3137,6151,91,91,14,game499
unsolvable,54635,22104,54634,1044,0,21060,24593,16,0,87,game5
solved,1970,701,1882,211,0,490,769,88,88,2,game50
unsolvable,8100567,2683517,8100566,925790,0,1757727,3145739,36,0,11457,game500
unsolvable,2,2,1,1,0,1,53,1,0,0,game501
solved,72675,22648,72586,2608,0,20040,24593,89,89,101,game502
solved,2974,1318,2885,211,0,1107,1543,89,89,5,game503
solved,7163,1375,7079,60,0,1315,1543,120,84,7,game504
solved,647669,141000,647589,41482,0,99518,196613,80,80,756,game505
solved,119,84,35,30,0,54,97,84,84,0,game506
solved,5098362,1398028,5098263,183727,0,1214301,1572869,99,99,8779,game507
solved,562,366,460,57,0,309,389,102,102,1,game508
solved,984,450,892,62,0,388,389,92,92,1,game509
unsolvable,852035,262681,852034,66318,0,196363,196613,44,0,1066,game51
solved,4659,1511,4568,284,0,1227,1543,140,91,5,game510
solved,340,177,243,41,0,136,193,97,97,0,game511
unsolvable,7992,3895,7991,1147,0,2748,3079,17,0,10,game512
unsolvable,1,1,0,0,0,1,53,0,0,0,game513
timed-out,48422202,13137420,48422153,6079495,0,7057925,12582917,75,49,60000,game514
solved,753,378,660,44,0,334,389,93,93,2,game515
unsolvable,1,1,0,0,0,1,53,0,0,0,game516
solved,1295,808,1206,47,0,761,769,89,89,2,game517
solved,140,124,47,42,0,82,97,93,93,0,game518
unsolvable,14,12,13,3,0,9,53,6,0,0,game519
unsolvable,98429,51358,98428,21376,0,29982,49157,25,0,133,game52
solved,14926,4930,14837,1811,0,3119,6151,89,89,18,game520
solved,404,273,315,36,0,237,389,89,89,0,game521
unsolvable,89,65,88,18,0,47,53,9,0,0,game522
unsolvable,1411617,416387,1411616,63573,0,352814,393241,42,0,1701,game523
unsolvable,655622,239082,655621,44530,0,194552,196613,38,0,971,game524
solved,26010,12406,25917,1890,0,10516,12289,93,93,36,game525
solved,339,169,250,79,0,90,97,89,89,0,game526
solved,1620,704,1532,35,0,669,769,88,88,2,game527
solved,1737,499,1659,44,0,455,769,78,78,2,game528
solved,178,93,85,31,0,62,97,93,93,0,game529
solved,249,122,153,32,0,90,97,96,96,0,game53
unsolvable,103111,54515,103110,0,0,54515,98317,22,0,179,game530
solved,9305,3558,9211,69,0,3489,6151,94,94,11,game531
solved,15086466,4959953,15086369,1695500,0,3264453,6291469,97,97,22314,game532
solved,10091,4298,10002,1590,0,2708,3079,89,89,13,game533
solved,144,106,43,43,0,63,97,101,101,0,game534
unsolvable,1564026,496101,1564025,88865,0,407236,786433,67,0,2303,game535
solved,13821,5269,13736,782,0,4487,6151,85,85,19,game536
solved,218,165,119,44,0,121,193,99,99,0,game537
solved,5047164,1585079,5047086,811707,0,773372,786433,78,78,5326,game538
solved,27299,7670,27183,957,0,6713,12289,116,116,35,game539
unsolvable,259564,106285,259563,33523,0,72762,98317,20,0,366,game54
unsolvable,443,292,442,54,0,238,389,11,0,0,game540
unsolvable,2204,1185,2203,228,0,957,1543,12,0,3,game541
solved,365822,112592,365720,29323,0,83269,98317,102,102,501,game542
unsolvable,3931421,1601937,3931420,362432,0,1239505,1572869,36,0,5878,game543
solved,210,124,115,28,0,96,97,95,95,0,game544
solved,173,133,83,36,0,97,97,90,90,0,game545
solved,467,169,337,28,0,141,193,130,130,0,game546
solved,1074,301,987,26,0,275,389,87,87,1,game547
timed-out,43946051,13738962,43946017,4951942,0,8787020,12582917,64,34,60000,game548
solved,222,98,130,33,0,65,97,92,92,0,game549
solved,149,94,63,31,0,63,97,86,86,0,game55
timed-out,45177857,10038129,45177815,2351307,0,7686822,12582917,56,42,60000,game550
solved,349,131,253,48,0,83,97,96,96,0,game551
unsolvable,24938832,9684102,24938831,2931074,0,6753028,12582917,93,0,40806,game552
unsolvable,2514,1348,2513,425,0,923,1543,16,0,3,game553
unsolvable,302555,92667,302554,11166,0,81501,98317,24,0,389,game554
solved,195,104,100,27,0,77,97,95,95,0,game555
solved,525596,120876,525503,40430,0,80446,98317,116,93,537,game556
solved,7048,1755,6957,40,0,1715,3079,91,91,8,game557
solved,1254,521,1151,118,0,403,769,103,103,1,game558
solved,20912010,8920561,20911926,2473662,0,6446899,12582917,84,84,36724,game559
unsolvable,99016,47445,99015,12072,0,35373,49157,25,0,149,game56
solved,765,431,679,158,0,273,389,86,86,1,game560
solved,95413,35105,95323,14075,0,21030,24593,90,90,119,game561
solved,136981,41752,136834,13083,0,28669,49157,147,147,161,game562
unsolvable,1052,503,1051,19,0,484,769,12,0,1,game563
solved,1371,262,1247,56,0,206,389,124,124,1,game564
unsolvable,3,3,2,1,0,2,53,2,0,0,game565
unsolvable,247587,116303,247586,62721,0,53582,98317,26,0,243,game566
solved,127,96,36,31,0,65,97,91,91,0,game567
solved,439584,171214,439496,30355,0,140859,196613,88,88,537,game568
solved,21317,9462,21197,3175,0,6287,12289,120,120,24,game569
unsolvable,251,157,250,12,0,145,193,8,0,0,game57
solved,34840,13440,34742,3835,0,9605,12289,98,98,41,game570
unsolvable,3853550,1469262,3853549,665299,0,803963,1572869,28,0,5717,game571
unsolvable,184443,69113,184442,2158,0,66955,98317,26,0,284,game572
solved,286,128,171,30,0,98,193,115,115,0,game573
unsolvable,283043,110502,283042,2834,0,107668,196613,17,0,504,game574
unsolvable,11308,5809,11307,1437,0,4372,6151,12,0,16,game575
unsolvable,879,508,878,177,0,331,389,9,0,2,game576
unsolvable,2,2,1,1,0,1,53,1,0,0,game577
solved,118,88,30,33,0,55,97,88,88,0,game578
solved,159072,44590,158975,20787,0,23803,24593,97,97,163,game579
solved,90,83,7,30,0,53,53,83,83,0,game58
unsolvable,4716,2283,4715,368,0,1915,3079,21,0,7,game580
solved,38299,9085,38202,2229,0,6856,12289,97,97,41,game581
solved,2126071,770219,2125985,479931,0,290288,393241,86,86,1882,game582
unsolvable,2,2,1,0,0,2,53,1,0,0,game583
solved,6333,2292,6246,731,0,1561,3079,87,87,8,game584
solved,472,276,383,64,0,212,389,89,89,0,game585
solved,123,91,34,28,0,63,97,89,89,0,game586
unsolvable,569,343,568,0,0,343,389,8,0,1,game587
unsolvable,150814,63911,150813,15048,0,48863,49157,20,0,190,game588
unsolvable,6491303,2562603,6491302,1231604,0,1330999,1572869,52,0,7641,game589
solved,606132,125383,606042,52319,0,73064,98317,131,90,603,game59
unsolvable,4555544,1679833,4555543,626204,0,1053629,1572869,31,0,5895,game590
solved,25903481,6162927,25903391,366800,0,5796127,6291469,90,90,36880,game591
solved,10860143,4068584,10860057,1563737,0,2504847,3145739,86,86,13231,game592
timed-out,43880633,12316600,43880606,4498240,0,7818360,12582917,65,27,60000,game593
solved,4425154,1862466,4425056,690531,0,1171935,1572869,98,98,6419,game594
unsolvable,26941205,9042627,26941204,2520140,0,6522487,12582917,39,0,43699,game595
solved,3385,1883,3297,847,0,1036,1543,88,88,3,game596
unsolvable,1673215,759820,1673214,224818,0,535002,786433,36,0,2530,game597
unsolvable,144976,61805,144975,904,0,60901,98317,20,0,217,game598
solved,220,102,119,33,0,69,97,101,101,0,game599
solved,221,115,114,25,0,90,97,107,107,0,game6
solved,280,124,170,34,0,90,97,110,110,0,game60
solved,551,227,456,59,0,168,193,95,95,0,game600
solved,206,123,106,45,0,78,97,100,100,0,game601
unsolvable,519718,212989,519717,26080,0,186909,196613,28,0,755,game602
solved,258,157,170,52,0,105,193,88,88,1,game603
unsolvable,44928,23189,44927,6240,0,16949,24593,21,0,60,game604
timed-out,39229293,11216951,39229263,2602502,0,8614449,12582917,55,30,60000,game605
unsolvable,10136,5198,10135,1273,0,3925,6151,20,0,13,game606
solved,879515,317780,879431,84771,0,233009,393241,84,84,1167,game607
solved,261770,58483,261679,7508,0,50975,98317,129,91,329,game608
unsolvable,388,253,387,45,0,208,389,13,0,0,game609
unsolvable,33,21,32,0,0,21,53,4,0,0,game61
solved,8061493,2004034,8061394,586848,0,1417186,1572869,99,99,9027,game610
unsolvable,13300656,4683433,13300655,1447835,0,3235598,6291469,51,0,20379,game611
solved,956,415,859,49,0,366,389,97,97,1,game612
unsolvable,1139,648,1138,18,0,630,769,14,0,2,game613
solved,138,84,59,30,0,54,97,79,79,0,game614
solved,2209,1213,2111,73,0,1140,1543,98,98,3,game615
solved,4215879,1336272,4215789,270656,0,1065616,1572869,90,90,6057,game616
solved,14525,6170,14439,1506,0,4664,6151,86,86,22,game617
solved,500,151,401,28,0,123,193,99,99,0,game618
solved,123,95,29,36,0,59,97,94,94,0,game619
solved,1617,650,1528,162,0,488,769,89,89,2,game62
unsolvable,4214,1911,4213,0,0,1911,3079,10,0,7,game620
unsolvable,578,378,577,188,0,190,193,14,0,0,game621
unsolvable,1285,504,1284,0,0,504,769,10,0,2,game622
solved,506376,169953,506293,45167,0,124786,196613,83,83,599,game623
unsolvable,1,1,0,0,0,1,53,0,0,0,game624
solved,178,107,83,33,0,74,97,95,95,0,game625
unsolvable,5308581,2018439,5308580,877834,0,1140605,1572869,44,0,6405,game626
solved,1888980,775882,1888887,221693,0,554189,786433,93,93,2853,game627
solved,94,74,20,25,0,49,53,74,74,0,game628
unsolvable,1,1,0,0,0,1,53,0,0,0,game629
solved,1572,683,1470,107,0,576,769,102,102,2,game63
unsolvable,4942969,1748881,4942968,605158,0,1143723,1572869,38,0,6284,game630
unsolvable,257106,98128,257105,23004,0,75124,98317,33,0,352,game631
unsolvable,105400,39737,105399,11614,0,28123,49157,22,0,141,game632
solved,29091,7981,29004,1428,0,6553,12289,87,87,31,game633
unsolvable,49477,21551,49476,5190,0,16361,24593,22,0,68,game634
unsolvable,1131,608,1130,42,0,566,769,9,0,2,game635
unsolvable,626,324,625,1,0,323,389,11,0,1,game636
unsolvable,465496,216752,465495,57088,0,159664,196613,45,0,649,game637
unsolvable,285873,118347,285872,38334,0,80013,98317,26,0,379,game638
unsolvable,27530717,7884505,27530716,451800,0,7432705,12582917,65,0,47133,game639
solved,33260,13512,33159,2752,0,10760,12289,101,101,48,game64
unsolvable,24,24,23,1,0,23,53,5,0,0,game640
unsolvable,28568,14310,28567,272,0,14038,24593,20,0,52,game641
solved,118718,27635,118643,9309,0,18326,24593,75,75,117,game642
unsolvable,215555,112597,215554,38335,0,74262,98317,46,0,327,game643
unsolvable,16395,6647,16394,364,0,6283,12289,37,0,23,game644
solved,49292,19408,49193,673,0,18735,24593,99,99,79,game645
solved,17801974,6596594,17801886,2642450,0,3954144,6291469,88,88,24776,game646
unsolvable,46818,20182,46817,4264,0,15918,24593,15,0,74,game647
solved,143,102,46,34,0,68,97,97,97,0,game648
solved,2095,1217,2008,460,0,757,769,87,87,2,game649
solved,7122518,2611725,7122436,1726412,0,885313,1572869,84,82,6592,game65
solved,587,336,485,70,0,266,389,102,102,1,game650
unsolvable,2196335,829836,2196334,155628,0,674208,786433,40,0,3585,game651
solved,59015,24154,58866,1353,0,22801,24593,149,149,98,game652
solved,114957,56519,114853,7343,0,49176,98317,104,104,209,game653
solved,179,119,82,32,0,87,97,97,97,0,game654
solved,252,193,164,60,0,133,193,88,88,0,game655
unsolvable,67633,28700,67632,7257,0,21443,24593,21,0,91,game656
solved,194500,67088,194415,17995,0,49093,49157,85,85,937,game657
solved,283,137,184,30,0,107,193,99,99,0,game658
solved,3182,1586,3092,25,0,1561,3079,90,90,4,game659
unsolvable,2,2,1,0,0,2,53,1,0,0,game66
solved,1229,451,1142,33,0,418,769,117,87,1,game660
solved,257,151,157,29,0,122,193,100,100,0,game661
unsolvable,2,2,1,0,0,2,53,1,0,0,game662
unsolvable,627228,271447,627227,84878,0,186569,196613,27,0,773,game663
solved,130,105,40,41,0,64,97,90,90,0,game664
timed-out,47167863,15389386,47167821,6896893,0,8492493,12582917,74,42,60490,game665
solved,163,110,69,39,0,71,97,94,94,0,game666
unsolvable,224216,95530,224215,12768,0,82762,98317,30,0,316,game667
unsolvable,6332602,1618137,6332601,392664,0,1225473,1572869,83,0,7743,game668
timed-out,41838088,11912620,41838067,3212491,0,8700129,12582917,45,21,60000,game669
unsolvable,3819151,1269014,3819150,0,0,1269014,1572869,25,0,6390,game67
solved,268,173,169,40,0,133,193,99,99,0,game670
unsolvable,10805798,3563221,10805797,721171,0,2842050,3145739,42,0,20493,game671
solved,32381,13800,32279,7876,0,5924,6151,102,102,47,game672
unsolvable,17927,8205,17926,268,0,7937,12289,17,0,41,game673
solved,100218,41604,100132,8915,0,32689,49157,86,86,205,game674
solved,745,395,650,79,0,316,389,95,95,1,game675
solved,14020,4420,13927,1949,0,2471,3079,93,93,24,game676
unsolvable,38494,17562,38493,1942,0,15620,24593,17,0,85,game677
solved,1484,796,1394,217,0,579,769,90,90,3,game678
unsolvable,2922301,863311,2922300,141395,0,721916,786433,79,0,5596,game679
unsolvable,5,5,4,3,0,2,53,4,0,0,game68
unsolvable,26200,12459,26199,1952,0,10507,12289,20,0,100,game680
solved,7998,2479,7906,200,0,2279,3079,92,92,37,game681
timed-out,37291728,8858226,37291673,1864004,0,6994222,12582917,266,55,60000,game682
unsolvable,2193194,665637,2193193,98765,0,566872,786433,34,0,3074,game683
unsolvable,2982760,1068123,2982759,442213,0,625910,786433,44,0,4926,game684
solved,26234,10985,26142,1491,0,9494,12289,92,92,37,game685
solved,440,211,306,36,0,175,193,134,134,0,game686
unsolvable,4,4,3,1,0,3,53,3,0,0,game687
solved,5940,2433,5853,921,0,1512,1543,87,87,7,game688
solved,181,90,91,37,0,53,53,90,90,0,game689
solved,15155,6342,15047,1183,0,5159,6151,108,108,22,game69
unsolvable,1414,749,1413,90,0,659,769,15,0,2,game690
solved,111,86,25,32,0,54,97,86,86,0,game691
solved,12246,3722,12150,34,0,3688,6151,96,96,19,game692
unsolvable,18121,8235,18120,2648,0,5587,6151,16,0,28,game693
unsolvable,2889,1659,2888,480,0,1179,1543,14,0,4,game694
solved,201,99,103,35,0,64,97,98,98,0,game695
solved,157357,77065,157259,32205,0,44860,49157,98,98,209,game696
solved,28711453,7304660,28711351,1078535,0,6226125,6291469,102,102,42869,game697
solved,11211,2906,11127,38,0,2868,3079,84,84,16,game698
unsolvable,22181005,6643349,22181004,1625512,0,5017837,6291469,37,0,31062,game699
unsolvable,4603,2626,4602,746,0,1880,3079,32,0,6,game7
solved,116405,37685,116263,5555,0,32130,49157,142,142,159,game70
unsolvable,132,90,131,0,0,90,97,8,0,0,game700
solved,797,559,722,388,0,171,193,75,75,0,game701
unsolvable,3880,2030,3879,96,0,1934,3079,13,0,6,game702
unsolvable,75,59,74,12,0,47,53,7,0,0,game703
solved,223,125,128,52,0,73,97,95,95,0,game704
solved,47075,15161,46986,2483,0,12678,24593,89,89,60,game705
solved,54741,23250,54644,7719,0,15531,24593,97,97,62,game706
solved,17513810,4065284,17513725,818418,0,3246866,6291469,85,85,23207,game707
solved,135,98,44,39,0,59,97,91,91,0,game708
solved,4393,893,4304,88,0,805,1543,89,89,5,game709
unsolvable,5883,3171,5882,216,0,2955,3079,16,0,10,game71
solved,273,129,192,56,0,73,97,81,81,0,game710
solved,262,195,178,25,0,170,193,84,84,0,game711
solved,122553,47708,122463,24968,0,22740,24593,90,90,125,game712
solved,180,101,79,42,0,59,97,101,101,0,game713
solved,341211,97160,341119,28700,0,68460,98317,134,92,365,game714
unsolvable,10783,5106,10782,0,0,5106,6151,13,0,15,game715
solved,5009,796,4914,31,0,765,769,95,95,4,game716
unsolvable,1929,799,1928,0,0,799,1543,10,0,3,game717
solved,8445,4035,8341,1893,0,2142,3079,104,104,8,game718
solved,27483098,5912158,27483006,644014,0,5268144,6291469,92,92,37865,game719
solved,21184,8162,21093,915,0,7247,12289,91,91,33,game72
solved,2121,1049,2025,32,0,1017,1543,96,96,3,game720
unsolvable,1,1,0,0,0,1,53,0,0,0,game721
solved,54860,22141,54769,204,0,21937,24593,91,91,92,game722
solved,36589,13615,36494,5223,0,8392,12289,95,95,41,game723
timed-out,39548796,10174680,39548769,1637340,0,8537340,12582917,52,27,60000,game724
timed-out,51166320,14252471,51166279,5851997,0,8400474,12582917,79,41,60000,game725
solved,144,109,54,44,0,65,97,90,90,0,game726
solved,1554,878,1457,60,0,818,1543,97,97,3,game727
solved,110907,19449,110819,3542,0,15907,24593,145,88,124,game728
solved,177,99,103,27,0,72,97,74,74,0,game729
unsolvable,1189702,496101,1189701,151695,0,344406,393241,33,0,2772,game73
solved,5997,2380,5913,76,0,2304,3079,84,84,8,game730
unsolvable,1686399,671317,1686398,141506,0,529811,786433,49,0,2337,game731
solved,116,88,34,36,0,52,53,82,82,0,game732
solved,77602,24364,77504,5916,0,18448,24593,98,98,81,game733
unsolvable,289367,107687,289366,33992,0,73695,98317,23,0,318,game734
solved,7400,3532,7294,728,0,2804,3079,106,106,8,game735
solved,652644,209558,652546,49708,0,159850,196613,98,98,698,game736
solved,1251,599,1141,93,0,506,769,110,110,1,game737
solved,635,348,525,41,0,307,389,110,110,1,game738
solved,16795024,5740728,16794934,1693894,0,4046834,6291469,90,90,23722,game739
solved,18954249,4470483,18954151,1540170,0,2930313,3145739,98,98,22096,game74
solved,25202,10050,25119,5665,0,4385,6151,83,83,24,game740
solved,1982063,686134,1981960,96449,0,589685,786433,103,103,2990,game741
unsolvable,46299,16678,46298,3404,0,13274,24593,23,0,55,game742
solved,2499,1105,2396,49,0,1056,1543,103,103,4,game743
timed-out,39733430,10088059,39733411,826861,0,9261198,12582917,42,19,60000,game744
unsolvable,218,142,217,34,0,108,193,12,0,0,game745
unsolvable,78571,37961,78570,10015,0,27946,49157,36,0,115,game746
unsolvable,662,302,661,1,0,301,389,9,0,1,game747
unsolvable,29859,12258,29858,2876,0,9382,12289,22,0,34,game748
solved,283,112,200,33,0,79,97,83,83,0,game749
solved,1931362,679631,1931262,96566,0,583065,786433,100,100,2730,game75
unsolvable,14,11,13,5,0,6,53,5,0,0,game750
timed-out,34441617,11945349,34441596,1394913,0,10550436,12582917,46,21,60000,game751
unsolvable,744728,325087,744727,145957,0,179130,196613,30,0,778,game752
solved,13138,3237,13032,293,0,2944,3079,106,106,14,game753
unsolvable,368,254,367,29,0,225,389,14,0,0,game754
unsolvable,1826754,564066,1826753,52899,0,511167,786433,60,0,2616,game755
solved,45001,10783,44919,23,0,10760,12289,82,82,56,game756
solved,628176,202615,628088,32181,0,170434,196613,88,88,814,game757
solved,2431648,623189,2431550,107856,0,515333,786433,98,98,3088,game758
solved,2385,1349,2291,356,0,993,1543,94,94,5,game759
solved,407,167,310,45,0,122,193,97,97,0,game76
solved,970,540,886,62,0,478,769,84,84,1,game760
solved,174,105,84,31,0,74,97,90,90,0,game761
solved,2196,497,2107,50,0,447,769,89,89,2,game762
solved,150512,44054,150422,8275,0,35779,49157,90,90,181,game763
timed-out,38139931,10059586,38139904,1878100,0,8181486,12582917,42,27,60000,game764
solved,9606,4360,9519,1219,0,3141,6151,87,87,14,game765
solved,600680,234642,600603,86892,0,147750,196613,77,77,781,game766
solved,33135198,9187963,33135113,1017445,0,8170518,12582917,85,85,55576,game767
solved,2388,690,2292,23,0,667,769,96,96,4,game768
unsolvable,31637136,9919219,31637135,2270699,0,7648520,12582917,46,0,49235,game769
solved,236,111,126,27,0,84,97,110,110,0,game77
solved,417,229,322,33,0,196,389,95,95,1,game770
solved,172,144,80,36,0,108,193,92,92,0,game771
unsolvable,117841,40659,117840,700,0,39959,49157,26,0,184,game772
unsolvable,3,3,2,2,0,1,53,2,0,0,game773
solved,453276,206231,453204,69686,0,136545,196613,72,72,664,game774
solved,1420,476,1327,71,0,405,769,93,93,1,game775
unsolvable,2183,1263,2182,176,0,1087,1543,14,0,3,game776
unsolvable,13065,4620,13064,0,0,4620,6151,14,0,19,game777
unsolvable,228854,98617,228853,25001,0,73616,98317,21,0,342,game778
timed-out,34422156,13109775,34422118,7501999,0,5607776,6291469,75,38,60000,game779
solved,300841,94846,300758,17180,0,77666,98317,83,83,480,game78
solved,121,88,33,30,0,58,97,88,88,0,game780
solved,505,236,401,44,0,192,193,104,104,0,game781
solved,1732186,626213,1732097,368191,0,258022,393241,108,89,2320,game782
solved,235,175,143,52,0,123,193,92,92,0,game783
solved,2092,732,1984,317,0,415,769,108,108,2,game784
solved,30847,11726,30759,1643,0,10083,12289,88,88,44,game785
unsolvable,2,2,1,1,0,1,53,1,0,0,game786
solved,6402048,1902010,6401970,825060,0,1076950,1572869,83,78,8599,game787
solved,9396,3452,9299,615,0,2837,3079,97,97,11,game788
unsolvable,75,57,74,0,0,57,97,8,0,0,game789
unsolvable,3113,1564,3112,11,0,1553,3079,29,0,5,game79
unsolvable,4891,2585,4890,759,0,1826,3079,19,0,6,game790
solved,3746,1434,3655,351,0,1083,1543,91,91,4,game791
unsolvable,13,11,12,2,0,9,53,5,0,0,game792
solved,23825479,7093489,23825396,1826646,0,5266843,6291469,83,83,39178,game793
solved,10718,3106,10623,29,0,3077,3079,95,95,13,game794
solved,1561,704,1477,92,0,612,769,84,84,2,game795
timed-out,43788067,12819615,43788043,4875907,0,7943708,12582917,52,24,60000,game796
solved,401989,185266,401899,106674,0,78592,98317,90,90,384,game797
unsolvable,661,451,660,6,0,445,769,14,0,1,game798
solved,212,150,123,38,0,112,193,89,89,0,game799
unsolvable,220,144,219,18,0,126,193,6,0,0,game8
solved,101,87,21,39,0,48,53,80,80,0,game80
timed-out,42647106,11442038,42647082,3518123,0,7923915,12582917,120,24,60000,game800
solved,266,127,171,31,0,96,97,95,95,0,game801
solved,631835,238865,631734,108228,0,130637,196613,103,101,696,game802
unsolvable,16132,7361,16131,465,0,6896,12289,17,0,30,game803
unsolvable,135464,54083,135463,11514,0,42569,49157,44,0,248,game804
solved,26966,8667,26871,1269,0,7398,12289,95,95,42,game805
unsolvable,172225,46163,172224,9812,0,36351,49157,46,0,254,game806
unsolvable,2,2,1,0,0,2,53,1,0,0,game807
solved,192,119,106,36,0,83,97,86,86,0,game808
solved,21664,7051,21575,1064,0,5987,6151,89,89,33,game809
solved,1463,270,1375,56,0,214,389,88,88,2,game81
unsolvable,514346,246934,514345,92153,0,154781,196613,45,0,835,game810
unsolvable,220670,69396,220669,5606,0,63790,98317,31,0,375,game811
unsolvable,2238476,748752,2238475,72691,0,676061,786433,45,0,5340,game812
solved,4036857,1080594,4036750,170904,0,909690,1572869,107,107,6397,game813
solved,3242,1930,3150,68,0,1862,3079,92,92,5,game814
solved,133,95,38,31,0,64,97,95,95,0,game815
unsolvable,1710,1038,1709,256,0,782,1543,12,0,2,game816
solved,729,151,638,36,0,115,193,91,91,0,game817
unsolvable,32,22,31,4,0,18,53,5,0,0,game818
solved,11246931,4150528,11246837,2088473,0,2062055,3145739,94,94,17012,game819
unsolvable,4287,2201,4286,399,0,1802,3079,13,0,7,game82
solved,27801,11936,27707,3331,0,8605,12289,94,94,41,game820
solved,100,85,15,29,0,56,97,85,85,0,game821
solved,1375,710,1281,32,0,678,769,94,94,2,game822
solved,1542116,373301,1542023,72528,0,300773,393241,93,93,1826,game823
solved,77422,25253,77326,2496,0,22757,24593,96,96,110,game824
solved,168046,68305,167957,23041,0,45264,49157,89,89,252,game825
solved,1229071,436251,1228991,155994,0,280257,393241,80,80,1795,game826
unsolvable,366739,153098,366738,33975,0,119123,196613,27,0,725,game827
unsolvable,88779,36025,88778,12302,0,23723,24593,23,0,119,game828
solved,4819,815,4722,44,0,771,1543,97,97,5,game829
solved,12779,3699,12683,1121,0,2578,3079,96,96,15,game83
solved,3224,1405,3132,98,0,1307,1543,92,92,7,game830
solved,3920,1611,3825,29,0,1582,3079,95,95,8,game831
solved,120,95,38,30,0,65,97,82,82,0,game832
solved,527,237,433,49,0,188,193,94,94,0,game833
unsolvable,7232277,2695056,7232276,648476,0,2046580,3145739,38,0,12921,game834
solved,135,86,49,33,0,53,97,86,86,0,game835
solved,471,161,374,39,0,122,193,97,97,0,game836
solved,4578,1205,4481,46,0,1159,1543,97,97,6,game837
solved,211,110,125,37,0,73,97,86,86,0,game838
solved,2568,643,2485,172,0,471,769,83,83,2,game839
solved,139,96,57,39,0,57,97,82,82,0,game84
unsolvable,2756,1648,2755,146,0,1502,1543,13,0,4,game840
solved,417,272,330,44,0,228,389,87,87,0,game841
unsolvable,467496,216766,467495,53207,0,163559,196613,27,0,1264,game842
solved,84083,31524,83995,4066,0,27458,49157,88,88,150,game843
solved,135901,29842,135813,2419,0,27423,49157,88,88,240,game844
solved,931727,328858,931642,10480,0,318378,393241,85,85,1946,game845
timed-out,37403131,9746290,37403100,2235468,0,7510822,12582917,48,31,60000,game846
solved,3623427,1518265,3623326,480513,0,1037752,1572869,101,101,6324,game847
unsolvable,10389037,3704443,10389036,1500348,0,2204095,3145739,74,0,14487,game848
unsolvable,7927,3915,7926,222,0,3693,6151,29,0,16,game849
solved,68751,15216,68650,2318,0,12898,24593,101,101,90,game85
unsolvable,2568733,964858,2568732,237829,0,727029,786433,32,0,3767,game850
timed-out,36952025,11640489,36951993,1682183,0,9958306,12582917,47,32,60000,game851
solved,2930,679,2840,43,0,636,769,90,90,4,game852
solved,279583,106653,279496,23540,0,83113,98317,87,87,363,game853
solved,598,363,514,114,0,249,389,84,84,0,game854
unsolvable,2,2,1,0,0,2,53,1,0,0,game855
solved,819,427,732,174,0,253,389,87,87,1,game856
solved,98154,29019,98065,8639,0,20380,24593,89,89,109,game857
solved,1017,666,926,92,0,574,769,91,91,1,game858
solved,387,141,304,47,0,94,97,83,83,0,game859
solved,781,365,694,33,0,332,389,87,87,1,game86
solved,37366,14783,37278,6376,0,8407,12289,105,88,36,game860
timed-out,47320474,11697963,47320443,4206379,0,7491584,12582917,98,31,60000,game861
unsolvable,866,542,865,10,0,532,769,13,0,2,game862
solved,1154,376,1063,28,0,348,389,91,91,1,game863
solved,285,191,194,42,0,149,193,91,91,0,game864
solved,171,95,76,27,0,68,97,95,95,0,game865
solved,283,149,193,38,0,111,193,90,90,0,game866
unsolvable,1168,804,1167,76,0,728,769,17,0,2,game867
unsolvable,14,11,13,3,0,8,53,3,0,0,game868
solved,619875,210075,619794,61820,0,148255,196613,81,81,704,game869
unsolvable,4621150,1443464,4621149,444816,0,998648,1572869,44,0,5616,game87
solved,2614777,763941,2614674,106142,0,657799,786433,103,103,3732,game870
solved,132,111,52,37,0,74,97,80,80,0,game871
solved,234,179,147,58,0,121,193,87,87,0,game872
unsolvable,4815035,2066372,4815034,1226420,0,839952,1572869,96,0,5256,game873
solved,134,102,41,42,0,60,97,93,93,0,game874
solved,3323039,851882,3322954,26197,0,825685,1572869,85,85,4793,game875
solved,188,104,87,34,0,70,97,101,101,0,game876
solved,3698,1173,3614,123,0,1050,1543,84,84,5,game877
solved,311,229,203,34,0,195,389,108,108,0,game878
solved,223,177,139,81,0,96,97,84,84,0,game879
unsolvable,30328,15861,30327,6129,0,9732,12289,24,0,39,game88
solved,2345,988,2250,97,0,891,1543,95,95,3,game880
solved,1591749,583355,1591666,238616,0,344739,393241,83,83,2306,game881
unsolvable,27,21,26,2,0,19,53,8,0,0,game882
unsolvable,10009939,3392457,10009938,815324,0,2577133,3145739,48,0,13662,game883
unsolvable,1748,1249,1747,163,0,1086,1543,17,0,3,game884
solved,1918,1140,1826,193,0,947,1543,92,92,3,game885
solved,180,130,87,40,0,90,97,93,93,0,game886
unsolvable,1842,1000,1841,400,0,600,769,10,0,2,game887
unsolvable,1479722,503804,1479721,107156,0,396648,786433,20,0,1934,game888
solved,155703,60506,155614,18289,0,42217,49157,89,89,199,game889
solved,1889,1031,1788,229,0,802,1543,101,101,3,game89
unsolvable,1548,723,1547,0,0,723,769,10,0,2,game890
solved,135436,45918,135347,6206,0,39712,49157,92,89,172,game891
solved,131,111,37,44,0,67,97,94,94,0,game892
unsolvable,13455,7407,13454,472,0,6935,12289,17,0,24,game893
solved,18575,6289,18470,2607,0,3682,6151,105,105,20,game894
solved,205,166,112,45,0,121,193,93,93,0,game895
timed-out,42502327,7990799,42502287,141373,0,7849426,12582917,135,40,60000,game896
solved,96,87,12,36,0,51,53,84,84,0,game897
unsolvable,2371458,965447,2371457,344491,0,620956,786433,26,0,4494,game898
solved,283129,98674,283036,13210,0,85464,98317,93,93,356,game899
unsolvable,428145,205730,428144,81985,0,123745,196613,31,0,508,game9
solved,83749,25840,83662,1379,0,24461,24593,87,87,106,game90
solved,16809,4901,16715,33,0,4868,6151,94,94,20,game900
solved,87,85,2,38,0,47,53,85,85,0,game901
solved,81542,12960,81452,616,0,12344,24593,90,90,83,game902
solved,118,91,28,28,0,63,97,90,90,0,game903
solved,156,94,73,27,0,67,97,83,83,0,game904
unsolvable,10635926,3867801,10635925,1262023,0,2605778,3145739,68,0,14699,game905
solved,175,116,72,28,0,88,97,103,103,0,game906
unsolvable,1245198,517909,1245197,129860,0,388049,393241,34,0,1917,game907
unsolvable,3860,1843,3859,47,0,1796,3079,25,0,7,game908
unsolvable,4,4,3,0,0,4,53,2,0,0,game909
unsolvable,134,90,133,10,0,80,97,8,0,0,game91
unsolvable,6,6,5,2,0,4,53,4,0,0,game910
solved,142,88,54,41,0,47,53,88,88,0,game911
solved,1985134,624424,1985045,107454,0,516970,786433,89,89,2402,game912
solved,144,99,52,34,0,65,97,92,92,0,game913
unsolvable,1,1,0,0,0,1,53,0,0,0,game914
solved,155505,44432,155417,11073,0,33359,49157,88,88,186,game915
unsolvable,107701,50739,107700,18784,0,31955,49157,21,0,146,game916
unsolvable,9384850,3541316,9384849,1122873,0,2418443,3145739,91,0,14789,game917
unsolvable,1418860,534123,1418859,53314,0,480809,786433,22,0,2353,game918
solved,432053,156038,431961,32662,0,123376,196613,96,92,515,game919
solved,255,121,164,40,0,81,97,91,91,0,game92
solved,60649,11625,60561,3450,0,8175,12289,88,88,56,game920
solved,13524,4541,13431,2537,0,2004,3079,93,93,11,game921
solved,1504918,511313,1504829,177816,0,333497,393241,89,89,1713,game922
solved,197230,80460,197130,22757,0,57703,98317,100,100,281,game923
solved,10338,4966,10250,574,0,4392,6151,88,88,18,game924
unsolvable,5,5,4,0,0,5,53,2,0,0,game925
solved,302284,112692,302189,20711,0,91981,98317,95,95,377,game926
solved,524232,164868,524138,20088,0,144780,196613,94,94,707,game927
unsolvable,5,5,4,1,0,4,53,4,0,0,game928
solved,2597358,622893,2597245,116515,0,506378,786433,113,113,3090,game929
solved,44567,18891,44478,10728,0,8163,12289,89,89,46,game93
solved,4085413,1361222,4085281,532643,0,828579,1572869,132,132,7089,game930
solved,154,76,79,26,0,50,53,75,75,0,game931
solved,32664,9428,32573,505,0,8923,12289,91,91,41,game932
solved,265,139,173,41,0,98,193,92,92,0,game933
solved,1235,342,1144,32,0,310,389,91,91,1,game934
unsolvable,4348017,1307893,4348016,86112,0,1221781,1572869,30,0,6430,game935
unsolvable,918556,308653,918555,114906,0,193747,196613,23,0,936,game936
solved,101,86,17,31,0,55,97,84,84,0,game937
solved,1212312,535300,1212221,278019,0,257281,393241,91,91,1298,game938
solved,18778,8587,18679,1310,0,7277,12289,99,99,27,game939
solved,1262,575,1171,48,0,527,769,91,91,1,game94
solved,152,101,63,27,0,74,97,89,89,0,game940
unsolvable,330,272,329,0,0,272,389,12,0,0,game941
unsolvable,28720064,9064530,28720063,1793174,0,7271356,12582917,75,0,43552,game942
solved,20094187,5573416,20094095,2530485,0,3042931,3145739,92,92,22910,game943
unsolvable,39593,20898,39592,2659,0,18239,24593,23,0,65,game944
solved,949,239,842,37,0,202,389,107,107,2,game945
unsolvable,405,275,404,41,0,234,389,11,0,0,game946
solved,105356,36360,105272,4582,0,31778,49157,84,84,158,game947
solved,7228,2877,7130,24,0,2853,3079,98,98,9,game948
unsolvable,8086,4248,8085,793,0,3455,6151,13,0,10,game949
unsolvable,2,2,1,1,0,1,53,1,0,0,game95
solved,1159189,440084,1159096,85532,0,354552,393241,93,93,1611,game950
timed-out,66157836,32282353,66157798,23851784,0,8430569,12582917,196,38,60000,game951
solved,53483,10116,53376,293,0,9823,12289,107,107,59,game952
unsolvable,4174901,1115306,4174900,130801,0,984505,1572869,34,0,5634,game953
unsolvable,1,1,0,0,0,1,53,0,0,0,game954
solved,1295,640,1199,198,0,442,769,96,96,1,game955
solved,5138,1629,5056,33,0,1596,3079,82,82,7,game956
solved,21619,5829,21533,336,0,5493,6151,149,86,24,game957
timed-out,43791966,10161568,43791934,1943056,0,8218512,12582917,79,32,60000,game958
unsolvable,3,3,2,0,0,3,53,1,0,0,game959
solved,143,112,49,46,0,66,97,94,94,0,game96
solved,1038,603,955,68,0,535,769,83,83,2,game960
timed-out,43385628,15167115,43385593,5384898,0,9782217,12582917,57,35,60182,game961
unsolvable,957506,326198,957505,51574,0,274624,393241,33,0,1324,game962
solved,155923,50353,155825,46,0,50307,98317,98,98,240,game963
solved,3628,1756,3545,33,0,1723,3079,83,83,6,game964
solved,26637,8478,26546,3497,0,4981,6151,91,91,26,game965
solved,155,96,65,28,0,68,97,90,90,0,game966
solved,7263125,2430394,7263029,381431,0,2048963,3145739,96,96,11228,game967
unsolvable,10,7,9,2,0,5,53,3,0,0,game968
solved,606885,200642,606789,19570,0,181072,196613,96,96,902,game969
unsolvable,417,264,416,112,0,152,193,9,0,0,game97
unsolvable,86270,39086,86269,11671,0,27415,49157,31,0,163,game970
solved,58792,25693,58707,9575,0,16118,24593,85,85,99,game971
unsolvable,1147077,449847,1147076,143628,0,306219,393241,50,0,1741,game972
solved,286,126,183,30,0,96,97,103,103,0,game973
unsolvable,1878,1078,1877,85,0,993,1543,14,0,3,game974
unsolvable,1,1,0,0,0,1,53,0,0,0,game975
unsolvable,13005934,4836836,13005933,1801072,0,3035764,3145739,75,0,17989,game976
unsolvable,31111989,8895067,31111988,1201080,0,7693987,12582917,82,0,51052,game977
solved,161306,37479,161215,177,0,37302,49157,91,91,215,game978
solved,1106,554,1018,80,0,474,769,88,88,1,game979
unsolvable,66,49,65,3,0,46,53,7,0,0,game98
solved,775,393,686,88,0,305,389,89,89,1,game980
solved,788,358,697,39,0,319,389,91,91,1,game981
unsolvable,11,8,10,0,0,8,53,3,0,0,game982
solved,23406915,6119783,23406819,2093370,0,4026413,6291469,127,96,34732,game983
unsolvable,417153,180131,417152,12988,0,167143,196613,35,0,871,game984
solved,165,104,64,30,0,74,97,101,101,0,game985
solved,242465,109003,242382,54877,0,54126,98317,83,83,407,game986
unsolvable,11,8,10,0,0,8,53,3,0,0,game987
unsolvable,2,2,1,0,0,2,53,1,0,0,game988
solved,674,436,580,74,0,362,389,94,94,3,game989
solved,111,92,23,29,0,63,97,88,88,0,game99
solved,8110463,2314145,8110356,309818,0,2004327,3145739,107,107,14742,game990
solved,362,265,270,116,0,149,193,92,92,0,game991
unsolvable,307,205,306,88,0,117,193,9,0,0,game992
solved,414,208,334,54,0,154,193,80,80,0,game993
solved,2995,1481,2904,166,0,1315,1543,91,91,5,game994
timed-out,35464708,9717611,35464656,2213861,0,7503750,12582917,75,52,60000,game995
unsolvable,1,1,0,0,0,1,53,0,0,0,game996
timed-out,10498826,3175205,10498804,437422,0,2737783,3145739,41,22,60000,game997
unsolvable,469105,199898,469104,39864,0,160034,196613,42,0,680,game998
solved,1848127,490806,1848039,57530,0,433276,786433,88,88,2711,game999
